address	name	library	comment
0x0046E8B0	NovaRender_ReleaseMainWindowOwnerGuarded	blitter	Platform render-owner release wrapper: callers pass NovaRender_GetMainWindowOwner; the wrapped release target NovaRender_ReleaseWindowOwnerStub is a bare return in this build. SDL rendering owns no corresponding handle.
0x004AB9D4	NovaUi_InitializeFlightViewSurfaces	blitter	Deliberate SDL replacement: the QuickDraw/SpriteWorld gameplay surface, 14 ordered SpriteLayer objects, beam layer callbacks, target-FPS setup, and 8/16-bit-depth validation are replaced by the RAII SpaceflightView created on flight entry (src/game/spaceflight.cpp) and its explicit Draw ordering (src/game/spaceflight_view.cpp). The 14-layer chain (ambient stars -> stellars -> asteroids -> disabled ships -> freeflight+fading -> smoke puffs -> shots -> escort ships -> ships -> shots -> impacts -> beams) is decoded and documented in docs/ship_sprite_rendering_path.md; the disabled/escort/normal ship sub-layers are now reproduced in the fixed draw sequence (DrawShipsInLayer), and all four shot containers keep their original layer order: mode9 -> mode1 -> default on layers 7-9, then mode4_alt (weapon mode 4 + owner Flags3 0x0040) on layer 12 (DrawShots(ShotDrawLayer)); the named Ghidra layer globals are g_ambient_star_particle_sprite_layer, g_stellar_sprite_layer, g_asteroid_sprite_layer, g_disabled_ship_sprite_layer, g_freeflight_and_fading_effect_sprite_layer, g_weapon_smoke_puff_sprite_layer, g_shot_container_*, g_escort_ship_sprite_layer, g_ship_sprite_layer, g_impact_effect_sprite_layer, g_beam_sprite_layer. The route-map offscreen frame is replaced by direct RouteMapView drawing; RouteMap_OverlayRect preserves the original top-left square geometry and min-200 side. Its SpriteWorld_InitializeFlightViewSpritePools child remains in progress for separate pool-lifecycle audit.
0x004B0C20	Ship_InitGameplayDataTables	redundant	The original bulk-clears fixed-capacity storage that the port represents with value-initialized GameState arrays/vectors and ScenarioData tables; active ship slots are reset by NovaShip_AllocateShipSlot. Its meaningful mission-offering RNG seed is reproduced by Mission_RerollOfferingRolls in the session bootstrap (and fresh-pilot flow). The original Geneva-9/font globals have no port equivalent: NovaFontCache resolves and loads Geneva lazily per UI owner. Remaining QuickDraw-only pool sentinels and startup UI globals are either unobservable in the port or represented by SDL/runtime defaults.
0x004BC310	NovaGameSession_BuildStartupCurveTable	blitter	Builds the 32-entry per-channel 5-bit render lookup table (g_render_brightness_lut, formerly DAT_0085faee) used only by the original 16bpp software blitters: DrawContext_FillRect16 (0x004b6a10), DrawContext_FrameRect16WithCurrentColor (0x004b6ef0), DrawContext_DrawCircleInRect (0x004ba350), FUN_004bb260, SpriteRleCommandStream_ByteSwap (0x00472000), and Resource_LoadPictAsImageWithColorRemap (0x004b8ed0). Entry i = clamp(round((i/31)^(100/param)*31 + 0.5), 0, 31), a gamma-like curve with param = 66.0 + 10.0*brightness (0..6) supplied by NovaGameSession_Run (0x00416100). SDL3 rendering replaces those blitters and the port never consults the table; marker at src/nova_app.cpp NovaGameSession_Run. Divergence: prefs.brightness stays load/save/UI-only and does not alter rendering (no SDL brightness pass).
0x004AD7C0	Settings_InitColors	redundant	Original Mac symbol _InitColors. Write-once seed of the fixed RGBColor palette (DAT_00733b2c..00733b79); every other reference in the image is a read, so the values are compile-time constants and the SDL port bakes the same 16-bit triples at the draw sites (src/game/radar_panel.cpp, src/game/starmap.cpp, src/game/docked_trade_dialog.cpp, src/game/docked_mission_dialog.cpp, src/game/preferences.cpp) instead of modelling the globals. Slot 5 (DAT_00733b4a, default ship tint) is not written here and remains tracked by the outfit-paint TODO (src/game/outfit.cpp).
0x004D61A0	MWRuntime_FUN_004d61a0	msl-crt	MSL ctype alpha-bit test (table bit 0x0001); the store name tint uses std::isalnum instead (0x00490C70 / 0x004948B0).
0x004D61D0	MWRuntime_FUN_004d61d0	msl-crt	MSL ctype digit-bit test (table bit 0x0008); the store name tint uses std::isalnum instead (0x00490C70 / 0x004948B0).
0x004D6260	NovaCommand_TranslateByInputMap	redundant	Per-thread bound-key -> command-token table lookup (byte range only) used by the credits label's first-character highlight quirk (NovaUi_DrawCargoMissionStatusPanel) and the same-named 0x004d6230 sibling. The port draws the literal label character and resolves gameplay commands directly through the persisted binding table (src/game/spaceflight.cpp), so the highlight indirection has no runtime call. NOTE: the port's main-menu token mapper was previously misattributed here; it is NovaCommand_DispatchToMode (0x004872a0) in src/nova_app.cpp.
0x004DD37E	FUN_004dd37e	blitter	
0x004DD489	FUN_004dd489	blitter	
0x004DD594	FUN_004dd594	blitter	
0x004DD6B4	FUN_004dd6b4	blitter	
0x004DD7BD	FUN_004dd7bd	blitter	
0x004DDA76	FUN_004dda76	blitter	
0x004DDE59	FUN_004dde59	blitter	
0x004DE038	BlitPixel_AlphaBlend555Span	blitter	
0x004DE233	FUN_004de233	blitter	
0x004DE429	FUN_004de429	blitter	
0x004DE603	FUN_004de603	blitter	
0x004DE7C7	FUN_004de7c7	blitter	
0x004DEC1B	FUN_004dec1b	blitter	
0x004DF096	FUN_004df096	blitter	
0x004DF4BD	FUN_004df4bd	blitter	
0x004DF955	FUN_004df955	blitter	
0x004DFE0D	FUN_004dfe0d	blitter	
0x004E006B	FUN_004e006b	blitter	
0x004E0326	FUN_004e0326	blitter	
0x004E05F5	FUN_004e05f5	blitter	
0x004E09F8	FUN_004e09f8	blitter	
0x004E0E6C	FUN_004e0e6c	blitter	
0x004E1307	FUN_004e1307	blitter	
0x004E174C	FUN_004e174c	blitter	
0x004E1C02	FUN_004e1c02	blitter	
0x004E20D8	FUN_004e20d8	blitter	
0x004E2356	FUN_004e2356	blitter	
0x004E2631	FUN_004e2631	blitter	
0x004E2920	FUN_004e2920	blitter	
0x004E2CF8	FUN_004e2cf8	blitter	
0x004E3141	FUN_004e3141	blitter	
0x004E35AD	FUN_004e35ad	blitter	
0x004E39AA	FUN_004e39aa	blitter	
0x004E3E1B	FUN_004e3e1b	blitter	
0x004E42AF	FUN_004e42af	blitter	
0x004E44F4	FUN_004e44f4	blitter	
0x004E4796	FUN_004e4796	blitter	
0x004E4A4C	FUN_004e4a4c	blitter	
0x004E4E5B	FUN_004e4e5b	blitter	
0x004E52DB	FUN_004e52db	blitter	
0x004E577E	FUN_004e577e	blitter	
0x004E5BC3	FUN_004e5bc3	blitter	
0x004E6079	FUN_004e6079	blitter	
0x004E654F	FUN_004e654f	blitter	
0x004E67DF	FUN_004e67df	blitter	
0x004E6ACB	FUN_004e6acb	blitter	
0x004E6DCB	FUN_004e6dcb	blitter	
0x004E708A	BlitPixel_CopySpanSkipKeyByte	blitter	
0x004E7135	FUN_004e7135	blitter	
0x004E71F4	FUN_004e71f4	blitter	
0x004E72B3	FUN_004e72b3	blitter	
0x005145ED	ImlProbe_IsJfifHeader	qtml-iml	
0x00514627	ImlJpeg_DecodeToBitmap	qtml-iml	
0x0051491D	FUN_0051491d	qtml-iml	
0x0051494C	FUN_0051494c	qtml-iml	
0x0051496D	FUN_0051496d	qtml-iml	
0x00515931	FUN_00515931	qtml-iml	
0x005159D6	FUN_005159d6	qtml-iml	
0x00515A39	FUN_00515a39	qtml-iml	
0x00515AC9	FUN_00515ac9	qtml-iml	
0x00515B5F	FUN_00515b5f	qtml-iml	
0x00515EB8	FUN_00515eb8	qtml-iml	
0x00516046	FUN_00516046	qtml-iml	
0x00516201	FUN_00516201	qtml-iml	
0x00516C7D	FUN_00516c7d	qtml-iml	
0x00516D6B	FUN_00516d6b	qtml-iml	
0x00516DAC	FUN_00516dac	qtml-iml	
0x0051770E	FUN_0051770e	qtml-iml	
0x00517979	FUN_00517979	qtml-iml	
0x00518757	FUN_00518757	qtml-iml	
0x00518786	FUN_00518786	qtml-iml	
0x005187BD	FUN_005187bd	qtml-iml	
0x005189A5	FUN_005189a5	qtml-iml	
0x00519CF0	FUN_00519cf0	qtml-iml	
0x00519D30	FUN_00519d30	qtml-iml	
0x00519D58	ImlRect_ContainsPoint	qtml-iml	
0x00519D83	FUN_00519d83	qtml-iml	
0x0051A32B	FUN_0051a32b	qtml-iml	
0x0051A346	FUN_0051a346	qtml-iml	
0x0051A361	FUN_0051a361	qtml-iml	
0x0051A38A	FUN_0051a38a	qtml-iml	
0x0051A48E	FUN_0051a48e	qtml-iml	
0x0051A4C0	FUN_0051a4c0	qtml-iml	
0x0051A4EE	FUN_0051a4ee	qtml-iml	
0x0051A695	FUN_0051a695	qtml-iml	
0x0051A847	FUN_0051a847	qtml-iml	
0x0051AD55	FUN_0051ad55	qtml-iml	
0x0051AD74	FUN_0051ad74	qtml-iml	
0x0051ADD8	FUN_0051add8	qtml-iml	
0x0051AF54	FUN_0051af54	qtml-iml	
0x0051AF7D	ImlResource_FUN_0051af7d	qtml-iml	
0x0051AFD6	ImlResource_UpdatePendingLoad	qtml-iml	
0x0051B060	ImlResource_ResolveSourceHandle	qtml-iml	
0x0051B0F7	ImlResource_FUN_0051b0f7	qtml-iml	
0x0051B1B1	ImlResource_FUN_0051b1b1	qtml-iml	
0x0051B248	ImlResource_FUN_0051b248	qtml-iml	
0x0051B2EC	ImlResource_FUN_0051b2ec	qtml-iml	
0x0051B31E	FUN_0051b31e	qtml-iml	
0x0051B520	ImlResource_FUN_0051b520	qtml-iml	
0x0051B549	ImlResource_FUN_0051b549	qtml-iml	
0x0051B596	ImlResource_FUN_0051b596	qtml-iml	
0x0051B60A	ImlResource_FUN_0051b60a	qtml-iml	
0x0051B7FC	ImlResource_FUN_0051b7fc	qtml-iml	
0x0051B9A9	ImlResource_FUN_0051b9a9	qtml-iml	
0x0051BA0E	FUN_0051ba0e	qtml-iml	
0x0051BA41	ImlResource_FUN_0051ba41	qtml-iml	
0x0051BA8D	FUN_0051ba8d	qtml-iml	
0x0051BBEC	FUN_0051bbec	qtml-iml	
0x0051BC51	FUN_0051bc51	qtml-iml	
0x0051BCBE	FUN_0051bcbe	qtml-iml	
0x0051BE77	ImlResource_FUN_0051be77	qtml-iml	
0x0051BEF0	ImlResource_FUN_0051bef0	qtml-iml	
0x0051BF40	ImlResource_FUN_0051bf40	qtml-iml	
0x0051BF7A	FUN_0051bf7a	qtml-iml	
0x0051C06E	FUN_0051c06e	qtml-iml	
0x0051C181	Iml_FUN_0051c181	qtml-iml	
0x0051C289	FUN_0051c289	qtml-iml	
0x0051C3C1	FUN_0051c3c1	qtml-iml	
0x0051C5C9	FUN_0051c5c9	qtml-iml	
0x0051C610	FUN_0051c610	qtml-iml	
0x0051C664	FUN_0051c664	qtml-iml	
0x0051C936	FUN_0051c936	qtml-iml	
0x0051CEB0	FUN_0051ceb0	qtml-iml	
0x0051D0D3	FUN_0051d0d3	qtml-iml	
0x0051DB65	FUN_0051db65	qtml-iml	
0x0051DD63	FUN_0051dd63	qtml-iml	
0x0051DE05	FUN_0051de05	qtml-iml	
0x0051DE30	FUN_0051de30	qtml-iml	
0x0051DE58	ImlTree_FindFirstMatchingNodeRecursive	qtml-iml	
0x0051DF05	FUN_0051df05	qtml-iml	
0x0051DF83	Iml_FUN_0051df83	qtml-iml	
0x0051DFBA	FUN_0051dfba	qtml-iml	
0x0051E21D	Iml_FUN_0051e21d	qtml-iml	
0x0051E2A3	Iml_FUN_0051e2a3	qtml-iml	
0x0051E359	Iml_FUN_0051e359	qtml-iml	
0x0051E3A0	FUN_0051e3a0	qtml-iml	
0x0051E403	Iml_FUN_0051e403	qtml-iml	
0x0051E44C	Iml_FUN_0051e44c	qtml-iml	
0x0051E4B1	FUN_0051e4b1	qtml-iml	
0x0051E6CC	FUN_0051e6cc	qtml-iml	
0x0051E7B8	FUN_0051e7b8	qtml-iml	
0x0051E9F8	FUN_0051e9f8	qtml-iml	
0x0051EB7C	Iml_FUN_0051eb7c	qtml-iml	
0x0051EC01	FUN_0051ec01	qtml-iml	
0x0051EC5C	FUN_0051ec5c	qtml-iml	
0x0051ED23	FUN_0051ed23	qtml-iml	
0x0051EFAA	FUN_0051efaa	qtml-iml	
0x0051EFCB	Iml_FUN_0051efcb	qtml-iml	
0x0051F083	FUN_0051f083	qtml-iml	
0x0051F0F2	FUN_0051f0f2	qtml-iml	
0x0051F109	Iml_FUN_0051f109	qtml-iml	
0x0051F16C	Iml_FUN_0051f16c	qtml-iml	
0x0051F1CC	Iml_FUN_0051f1cc	qtml-iml	
0x0051F35E	Iml_FUN_0051f35e	qtml-iml	
0x0051F565	Iml_FUN_0051f565	qtml-iml	
0x0051F76C	Iml_FUN_0051f76c	qtml-iml	
0x0051F7CA	Iml_FUN_0051f7ca	qtml-iml	
0x0051F855	FUN_0051f855	qtml-iml	
0x0051F884	FUN_0051f884	qtml-iml	
0x0051F8AF	FUN_0051f8af	qtml-iml	
0x0051F924	FUN_0051f924	qtml-iml	
0x0051F955	FUN_0051f955	qtml-iml	
0x0051F993	FUN_0051f993	qtml-iml	
0x0051FB3A	FUN_0051fb3a	qtml-iml	
0x0051FB4C	FUN_0051fb4c	qtml-iml	
0x0051FB5E	FUN_0051fb5e	qtml-iml	
0x0051FB70	FUN_0051fb70	qtml-iml	
0x0051FBED	FUN_0051fbed	qtml-iml	
0x0051FC33	FUN_0051fc33	qtml-iml	
0x0051FD3D	FUN_0051fd3d	qtml-iml	
0x0051FE38	FUN_0051fe38	qtml-iml	
0x0052030B	FUN_0052030b	qtml-iml	
0x0052061C	FUN_0052061c	qtml-iml	
0x005210DA	FUN_005210da	qtml-iml	
0x0052174C	FUN_0052174c	qtml-iml	
0x00521FD0	FUN_00521fd0	qtml-iml	
0x00521FF9	FUN_00521ff9	qtml-iml	
0x00522033	FUN_00522033	qtml-iml	
0x00522079	FUN_00522079	qtml-iml	
0x005220D0	FUN_005220d0	qtml-iml	
0x00522A7F	FUN_00522a7f	qtml-iml	
0x00522BFC	FUN_00522bfc	qtml-iml	
0x00522EAE	FUN_00522eae	qtml-iml	
0x00522F5F	FUN_00522f5f	qtml-iml	
0x0052386D	FUN_0052386d	qtml-iml	
0x00523A35	FUN_00523a35	qtml-iml	
0x00523B77	FUN_00523b77	qtml-iml	
0x005242E2	FUN_005242e2	qtml-iml	
0x00524337	FUN_00524337	qtml-iml	
0x005243D4	FUN_005243d4	qtml-iml	
0x0052451E	FUN_0052451e	qtml-iml	
0x005245E7	ImlResource_FUN_005245e7	qtml-iml	
0x00524721	ImlResource_FUN_00524721	qtml-iml	
0x0052489D	FUN_0052489d	qtml-iml	
0x00524A2B	FUN_00524a2b	qtml-iml	
0x00524A4A	FUN_00524a4a	qtml-iml	
0x00524A75	FUN_00524a75	qtml-iml	
0x00524AD5	FUN_00524ad5	qtml-iml	
0x00524B11	FUN_00524b11	qtml-iml	
0x00524B45	FUN_00524b45	qtml-iml	
0x00524BC7	FUN_00524bc7	qtml-iml	
0x00525555	FUN_00525555	qtml-iml	
0x005255CD	FUN_005255cd	qtml-iml	
0x005255F8	FUN_005255f8	qtml-iml	
0x00526076	FUN_00526076	qtml-iml	
0x0052614F	FUN_0052614f	qtml-iml	
0x005261CD	FUN_005261cd	qtml-iml	
0x0052624B	FUN_0052624b	qtml-iml	
0x00526458	FUN_00526458	qtml-iml	
0x00526646	FUN_00526646	qtml-iml	
0x00526725	FUN_00526725	qtml-iml	
0x005267EF	FUN_005267ef	qtml-iml	
0x0052682E	FUN_0052682e	qtml-iml	
0x00526ABD	FUN_00526abd	qtml-iml	
0x00526EAC	FUN_00526eac	qtml-iml	
0x005273C0	FUN_005273c0	qtml-iml	
0x005273F0	FUN_005273f0	qtml-iml	
0x00527460	FUN_00527460	qtml-iml	
0x00527650	MWRuntime_FUN_00527650	msl-crt	
0x00527670	MWRuntime_FUN_00527670	msl-crt	
0x005276F0	FUN_005276f0	qtml-iml	
0x00527750	FUN_00527750	qtml-iml	
0x00527890	FUN_00527890	qtml-iml	
0x005278D0	FUN_005278d0	qtml-iml	
0x00527930	FUN_00527930	qtml-iml	
0x005279A0	FUN_005279a0	qtml-iml	
0x005279D0	FUN_005279d0	qtml-iml	
0x00527A20	MWFileHandle_SetPosition	msl-crt	
0x00527A80	MWRuntime_FUN_00527a80	msl-crt	
0x00527BD0	MWRuntime_FUN_00527bd0	msl-crt	
0x00527C30	MWRuntime_FUN_00527c30	msl-crt	
0x00527D40	MWRuntime_FUN_00527d40	msl-crt	
0x00527F10	FUN_00527f10	winsock	
0x00527FD0	FUN_00527fd0	winsock	
0x00528010	FUN_00528010	winsock	
0x00528040	FUN_00528040	winsock	
0x005280D0	FUN_005280d0	winsock	
0x005280F0	FUN_005280f0	winsock	
0x00528100	FUN_00528100	winsock	
0x00528110	FUN_00528110	winsock	
0x00528120	FUN_00528120	winsock	
0x00528130	FUN_00528130	winsock	
0x00528160	FUN_00528160	winsock	
0x00528210	FUN_00528210	winsock	
0x00528280	FUN_00528280	winsock	
0x00528420	FUN_00528420	winsock	
0x00528470	MWRuntime_MapOsErrorToErrno	msl-crt	
0x00528660	FUN_00528660	winsock	
0x00528670	FUN_00528670	winsock	
0x00528820	FUN_00528820	winsock	
0x005288A0	FUN_005288a0	winsock	
0x00528C30	FUN_00528c30	winsock	
0x00528D20	FUN_00528d20	winsock	
0x00528DAE	Ordinal_115	msl-crt	
0x00528DB4	FUN_00528db4	winsock	
0x00528DED	FUN_00528ded	winsock	
0x00528ED4	FUN_00528ed4	winsock	
0x00528EE3	FUN_00528ee3	winsock	
0x00528EF6	FUN_00528ef6	winsock	
0x00528FD5	FUN_00528fd5	winsock	
0x0052909D	FUN_0052909d	winsock	
0x005290F5	FUN_005290f5	winsock	
0x00529162	Ordinal_116	msl-crt	
0x00529168	Ordinal_111	msl-crt	
0x0052916E	Ordinal_3	msl-crt	
0x00529174	Ordinal_23	msl-crt	
0x0052917A	FUN_0052917a	winsock	
0x005291E8	FUN_005291e8	winsock	
0x005292B2	FUN_005292b2	winsock	
0x005292DB	FUN_005292db	winsock	
0x005292F6	FUN_005292f6	winsock	
0x00529323	FUN_00529323	winsock	
0x0052935B	FUN_0052935b	winsock	
0x00529604	Ordinal_57	msl-crt	
0x0052960A	Ordinal_52	msl-crt	
0x00529610	Ordinal_4	msl-crt	
0x00529616	Ordinal_6	msl-crt	
0x0052970B	FUN_0052970b	winsock	
0x00529768	FUN_00529768	winsock	
0x00529A96	FUN_00529a96	winsock	
0x00529D86	FUN_00529d86	winsock	
0x00529E55	FUN_00529e55	winsock	
0x00529E92	FUN_00529e92	winsock	
0x00529EC5	FUN_00529ec5	winsock	
0x00529EDE	FUN_00529ede	winsock	
0x0052A035	FUN_0052a035	winsock	
0x0052A2AE	FUN_0052a2ae	winsock	
0x0052A421	FUN_0052a421	winsock	
0x0052A474	FUN_0052a474	winsock	
0x0052A7F3	FUN_0052a7f3	winsock	
0x0052A8F2	FUN_0052a8f2	winsock	
0x0052A926	FUN_0052a926	winsock	
0x0052AB29	FUN_0052ab29	winsock	
0x0052AC84	FUN_0052ac84	winsock	
0x0052AE20	FUN_0052ae20	winsock	
0x0052AE7F	FUN_0052ae7f	winsock	
0x0052B25B	FUN_0052b25b	winsock	
0x0052B3D9	FUN_0052b3d9	winsock	
0x0052B4EF	FUN_0052b4ef	winsock	
0x0052B520	FUN_0052b520	winsock	
0x0052B99B	FUN_0052b99b	winsock	
0x0052B9E4	FUN_0052b9e4	winsock	
0x0052BA30	FUN_0052ba30	winsock	
0x0052BA71	FUN_0052ba71	winsock	
0x0052BABF	FUN_0052babf	winsock	
0x0052BB4E	FUN_0052bb4e	winsock	
0x0052BBAB	FUN_0052bbab	winsock	
0x0052BBBF	FUN_0052bbbf	winsock	
0x0052C0BE	FUN_0052c0be	winsock	
0x0052C0D3	FUN_0052c0d3	winsock	
0x0052C111	FUN_0052c111	winsock	
0x0052C167	WString_CountCharsBounded	msl-crt	
0x0052C1B5	WString_Copy	msl-crt	
0x0052C1DE	WString_Compare	msl-crt	
0x0052C381	FUN_0052c381	msl-crt	
0x0052C54A	FUN_0052c54a	msl-crt	
0x0052C56C	FUN_0052c56c	msl-crt	
0x0052C6BD	FUN_0052c6bd	msl-crt	
0x0052C6E5	FUN_0052c6e5	msl-crt	
0x0052C753	FUN_0052c753	msl-crt	
0x0052C7B7	FUN_0052c7b7	msl-crt	
0x0052C842	FUN_0052c842	msl-crt	
0x0052C8C1	FUN_0052c8c1	msl-crt	
0x0052CA40	FUN_0052ca40	msl-crt	
0x0052CA70	FUN_0052ca70	msl-crt	
0x0052CB10	FUN_0052cb10	msl-crt	
0x0052CB90	FUN_0052cb90	msl-crt	
0x0052CBB0	FUN_0052cbb0	msl-crt	
0x0052CC30	FUN_0052cc30	msl-crt	
0x0052CD30	FUN_0052cd30	msl-crt	
0x0052CD50	FUN_0052cd50	msl-crt	
0x0052CDA0	FUN_0052cda0	msl-crt	
0x0052CE20	FUN_0052ce20	msl-crt	
0x0052CE50	FUN_0052ce50	msl-crt	
0x0052CE80	FUN_0052ce80	msl-crt	
0x0052CEC0	FUN_0052cec0	msl-crt	
0x0052D1F8	FUN_0052d1f8	msl-crt	
0x0052D4C8	FUN_0052d4c8	msl-crt	
0x0052D50E	FUN_0052d50e	msl-crt	
0x0052D9A6	FUN_0052d9a6	msl-crt	
0x0052DD1A	FUN_0052dd1a	msl-crt	
0x0052DF3D	FUN_0052df3d	msl-crt	
0x0052E09B	FUN_0052e09b	msl-crt	
0x0052E137	FUN_0052e137	msl-crt	
0x0052E2BF	FUN_0052e2bf	msl-crt	
0x0052E358	FUN_0052e358	msl-crt	
0x0052E8BC	FUN_0052e8bc	msl-crt	
0x0052E9F9	FUN_0052e9f9	msl-crt	
0x0052EC18	FUN_0052ec18	msl-crt	
0x0052EC39	FUN_0052ec39	msl-crt	
0x0052EC7C	FUN_0052ec7c	msl-crt	
0x0052FEDC	FUN_0052fedc	msl-crt	
0x0052FFB9	FUN_0052ffb9	msl-crt	
0x0052FFD0	FUN_0052ffd0	msl-crt	
0x005300F9	FUN_005300f9	vorbis	
0x00530170	FUN_00530170	vorbis	
0x00530220	FUN_00530220	vorbis	
0x005303C0	FUN_005303c0	vorbis	
0x005304A0	FUN_005304a0	vorbis	
0x005307B0	FUN_005307b0	vorbis	
0x00530B90	FUN_00530b90	vorbis	
0x00531050	VorbisDecode_FUN_00531050	vorbis	
0x00531060	VorbisDecode_FUN_00531060	vorbis	
0x00531090	VorbisDecode_FUN_00531090	vorbis	
0x00531180	VorbisDecode_FUN_00531180	vorbis	
0x005311E0	FUN_005311e0	vorbis	
0x00531290	VorbisDecode_FUN_00531290	vorbis	
0x005312C0	VorbisDecode_FUN_005312c0	vorbis	
0x00531300	VorbisDecode_FUN_00531300	vorbis	
0x00531390	VorbisDecode_FUN_00531390	vorbis	
0x005313B0	FUN_005313b0	vorbis	
0x005315E0	VorbisDecode_FUN_005315e0	vorbis	
0x00531640	VorbisDecode_FUN_00531640	vorbis	
0x00531B00	FUN_00531b00	vorbis	
0x00531C60	VorbisDecode_FUN_00531c60	vorbis	
0x00531C90	VorbisDecode_FUN_00531c90	vorbis	
0x00531D20	FUN_00531d20	vorbis	
0x00531DA0	VorbisDecode_FUN_00531da0	vorbis	
0x00531E40	VorbisDecode_FUN_00531e40	vorbis	
0x00531F70	FUN_00531f70	vorbis	
0x005323C0	VorbisDecode_FUN_005323c0	vorbis	
0x00532700	VorbisDecode_FUN_00532700	vorbis	
0x00532750	VorbisDecode_FUN_00532750	vorbis	
0x00532C60	VorbisDecode_FUN_00532c60	vorbis	
0x00532CE0	VorbisDecode_FUN_00532ce0	vorbis	
0x00532D10	VorbisDecode_FUN_00532d10	vorbis	
0x00532D40	VorbisDecode_FUN_00532d40	vorbis	
0x00532DE0	VorbisDecode_FUN_00532de0	vorbis	
0x00532E20	VorbisDecode_FUN_00532e20	vorbis	
0x00532FF0	FUN_00532ff0	vorbis	
0x00533150	FUN_00533150	vorbis	
0x00533370	VorbisDecode_UnpackSetupHeader	vorbis	
0x005337C0	VorbisDecode_FUN_005337c0	vorbis	
0x00533A30	VorbisDecode_FUN_00533a30	vorbis	
0x00533C30	FUN_00533c30	vorbis	
0x00534010	FUN_00534010	vorbis	
0x00534580	FUN_00534580	vorbis	
0x00534970	FUN_00534970	vorbis	
0x00534B00	FUN_00534b00	vorbis	
0x00534B20	FUN_00534b20	vorbis	
0x00534C00	FUN_00534c00	vorbis	
0x00534D40	FUN_00534d40	vorbis	
0x00534DA0	FUN_00534da0	vorbis	
0x00534DE0	FUN_00534de0	vorbis	
0x00534E00	FUN_00534e00	vorbis	
0x00534E20	FUN_00534e20	qtml-iml	IML JPEG import core (0x00514627 driver)
0x00534E3F	FUN_00534e3f	qtml-iml	IML JPEG import core (0x00514627 driver)
0x00534EE2	FUN_00534ee2	qtml-iml	IML JPEG import core (0x00514627 driver)
0x00534F7C	FUN_00534f7c	qtml-iml	IML JPEG import core (0x00514627 driver)
0x00534FF1	FUN_00534ff1	qtml-iml	IML JPEG import core (0x00514627 driver)
0x00535188	JpegDecode_DestroyDecompress	qtml-iml	IML JPEG import core (0x00514627 driver)
0x00535193	JpegDecode_CreateDecompress	qtml-iml	IML JPEG import core (0x00514627 driver)
0x0053526D	FUN_0053526d	qtml-iml	IML JPEG import core (0x00514627 driver)
0x00535304	FUN_00535304	qtml-iml	IML JPEG import core (0x00514627 driver)
0x0053533D	FUN_0053533d	qtml-iml	IML JPEG import core (0x00514627 driver)
0x005356D5	FUN_005356d5	qtml-iml	IML JPEG import core (0x00514627 driver)
0x00535788	FUN_00535788	qtml-iml	IML JPEG import core (0x00514627 driver)
0x005358A3	FUN_005358a3	qtml-iml	IML JPEG import core (0x00514627 driver)
0x00535958	FUN_00535958	qtml-iml	IML JPEG import core (0x00514627 driver)
0x00535AB9	FUN_00535ab9	qtml-iml	IML JPEG import core (0x00514627 driver)
0x00535B87	FUN_00535b87	qtml-iml	IML JPEG import core (0x00514627 driver)
0x00535DAE	FUN_00535dae	qtml-iml	IML JPEG import core (0x00514627 driver)
0x00535EBB	FUN_00535ebb	qtml-iml	IML JPEG import core (0x00514627 driver)
0x0053618C	FUN_0053618c	qtml-iml	IML JPEG import core (0x00514627 driver)
0x0053649E	FUN_0053649e	qtml-iml	IML JPEG import core (0x00514627 driver)
0x005367AB	FUN_005367ab	qtml-iml	IML JPEG import core (0x00514627 driver)
0x00536AED	FUN_00536aed	libpng	
0x00536BA8	JpegDecode_ReadScanline	libpng	
0x00536C3D	FUN_00536c3d	libpng	
0x00536CE9	FUN_00536ce9	libpng	
0x00536DAC	PNG_SetErrorCallbacks	libpng	
0x00536DC6	FUN_00536dc6	libpng	
0x00536E2A	FUN_00536e2a	libpng	
0x00536E56	FUN_00536e56	libpng	
0x00536EFE	PNG_FUN_00536efe	libpng	
0x00536F3F	PNG_FUN_00536f3f	libpng	
0x00536FCF	PNG_FUN_00536fcf	libpng	
0x00536FEE	FUN_00536fee	libpng	
0x00537043	FUN_00537043	libpng	
0x0053709A	FUN_0053709a	libpng	
0x00537428	FUN_00537428	libpng	
0x00537465	PNG_FUN_00537465	libpng	
0x005374BA	PNG_FUN_005374ba	libpng	
0x005374D5	FUN_005374d5	libpng	
0x005374E5	PNG_FUN_005374e5	libpng	
0x00537535	FUN_00537535	libpng	
0x0053759C	FUN_0053759c	libpng	
0x005377EA	FUN_005377ea	libpng	
0x005378C6	PngPush_ReadIDAT	libpng	provisional
0x00537CCF	FUN_00537ccf	libpng	
0x00537D25	PngReadRow	libpng	
0x005381A3	FUN_005381a3	libpng	
0x005381D3	PngHandleChunk_IDAT	libpng	
0x005386A0	PngCreateReadStruct	libpng	
0x00538852	FUN_00538852	libpng	
0x00538871	PNG_FUN_00538871	libpng	
0x005388B3	PNG_FUN_005388b3	libpng	
0x005388DE	FUN_005388de	libpng	
0x00538948	FUN_00538948	libpng	
0x00538982	PNG_FUN_00538982	libpng	
0x00538AA4	FUN_00538aa4	libpng	
0x00538AD1	FUN_00538ad1	libpng	
0x00538B01	FUN_00538b01	libpng	
0x00538B2C	FUN_00538b2c	libpng	
0x00538B59	FUN_00538b59	libpng	
0x00538B82	FUN_00538b82	libpng	
0x00538BAB	FUN_00538bab	libpng	
0x00538BD4	FUN_00538bd4	libpng	
0x00538BFD	FUN_00538bfd	libpng	
0x00538C17	FUN_00538c17	libpng	
0x00538D73	FUN_00538d73	libpng	
0x00538E95	FUN_00538e95	libpng	
0x00538F25	PngHandleChunk_tIME_CopyTimestampFields	libpng	
0x00538F5D	FUN_00538f5d	libpng	
0x00539172	FUN_00539172	libpng	
0x00539248	PNG_FUN_00539248	libpng	
0x00539465	FUN_00539465	libpng	
0x00539484	PNG_FUN_00539484	libpng	
0x005394AE	FUN_005394ae	libpng	
0x00539545	FUN_00539545	libpng	
0x00539572	FUN_00539572	libpng	
0x005395BF	FUN_005395bf	libpng	
0x00539742	FUN_00539742	libpng	
0x0053976F	PNG_FUN_0053976f	libpng	
0x005399A5	PNG_FUN_005399a5	libpng	
0x00539A40	PNG_FUN_00539a40	libpng	
0x00539AC3	PNG_FUN_00539ac3	libpng	
0x00539B8F	PNG_FUN_00539b8f	libpng	
0x00539DC6	PNG_FUN_00539dc6	libpng	
0x0053A174	PNG_FUN_0053a174	libpng	
0x0053A19E	PNG_FUN_0053a19e	libpng	
0x0053A2AC	FUN_0053a2ac	libpng	
0x0053AAAD	PngRowTransform_ApplyPaletteOrRgbDither	libpng	
0x0053AC22	PNG_FUN_0053ac22	libpng	
0x0053B05B	PNG_FUN_0053b05b	libpng	
0x0053B2AC	PNG_FUN_0053b2ac	libpng	
0x0053B720	PNG_FUN_0053b720	libpng	
0x0053CA31	PNG_FUN_0053ca31	libpng	
0x0053D201	PNG_FUN_0053d201	libpng	
0x0053D37E	PNG_FUN_0053d37e	libpng	
0x0053D65C	PNG_FUN_0053d65c	libpng	
0x0053D711	PNG_FUN_0053d711	libpng	
0x0053D814	PNG_FUN_0053d814	libpng	
0x0053D9AD	PNG_FUN_0053d9ad	libpng	
0x0053DAB9	PngDoRgbToGray	libpng	
0x0053DF54	FUN_0053df54	libpng	
0x0053E110	FUN_0053e110	libpng	
0x0053F003	FUN_0053f003	libpng	
0x0053F00F	FUN_0053f00f	libpng	
0x0053F01B	FUN_0053f01b	libpng	
0x0053F08B	FUN_0053f08b	libpng	
0x0053FAF7	FUN_0053faf7	libpng	
0x0053FB03	PNG_FUN_0053fb03	libpng	
0x0053FBC0	PNG_FUN_0053fbc0	libpng	
0x0053FD85	PNG_FUN_0053fd85	libpng	
0x0053FDD6	PNG_FUN_0053fdd6	libpng	
0x0053FE06	PNG_FUN_0053fe06	libpng	
0x0053FE81	FUN_0053fe81	libpng	
0x0053FED9	FUN_0053fed9	libpng	
0x0053FEF4	FUN_0053fef4	libpng	
0x0053FF0D	FUN_0053ff0d	libpng	
0x0053FF16	PNG_FUN_0053ff16	libpng	
0x0053FF39	FUN_0053ff39	libpng	
0x0053FF67	PNG_FUN_0053ff67	libpng	
0x0053FF95	FUN_0053ff95	libpng	
0x00540001	FUN_00540001	libpng	
0x00540037	FUN_00540037	libpng	
0x00540094	FUN_00540094	libpng	
0x005400DF	FUN_005400df	libpng	
0x0054016A	FUN_0054016a	libpng	
0x0054021F	Iml_FUN_0054021f	qtml-iml	
0x005402C4	FUN_005402c4	libpng	
0x0054030C	FUN_0054030c	libpng	
0x0054034A	FUN_0054034a	libpng	
0x00540387	Iml_FUN_00540387	qtml-iml	
0x00540482	FUN_00540482	libpng	
0x005404D9	MWRuntime_FUN_005404d9	msl-crt	
0x00540528	ImlAlign_ParseHorizontalDirection	qtml-iml	
0x0054058A	MWRuntime_FUN_0054058a	msl-crt	
0x0054072A	FUN_0054072a	libpng	
0x005407B7	Iml_FUN_005407b7	qtml-iml	
0x00540814	FUN_00540814	libpng	
0x005409D9	FUN_005409d9	winsock	
0x005409FC	FUN_005409fc	winsock	
0x00540B10	FUN_00540b10	winsock	
0x00540B3C	FUN_00540b3c	winsock	
0x00540B7E	FUN_00540b7e	winsock	
0x00540BA3	FUN_00540ba3	winsock	
0x00540C41	FUN_00540c41	winsock	
0x00540C63	FUN_00540c63	winsock	
0x00540CA3	FUN_00540ca3	winsock	
0x00540D2F	FUN_00540d2f	winsock	
0x00540D9A	FUN_00540d9a	winsock	
0x00540E55	FUN_00540e55	winsock	
0x00541124	FUN_00541124	winsock	
0x005412FA	Ordinal_7	msl-crt	
0x00541300	Ordinal_21	msl-crt	
0x00541306	Ordinal_2	msl-crt	
0x0054130C	Ordinal_17	msl-crt	
0x00541312	Ordinal_20	msl-crt	
0x00541318	Ordinal_22	msl-crt	
0x0054131E	Ordinal_16	msl-crt	
0x00541324	Ordinal_1	msl-crt	
0x0054132A	Ordinal_19	msl-crt	
0x00541330	FUN_00541330	vorbis	
0x0054144B	FUN_0054144b	vorbis	
0x005415F1	FUN_005415f1	vorbis	
0x00541684	FUN_00541684	vorbis	
0x0054183F	FUN_0054183f	vorbis	
0x00541C69	FUN_00541c69	vorbis	
0x00541F60	FUN_00541f60	vorbis	
0x00542273	FUN_00542273	vorbis	
0x005423CF	FUN_005423cf	vorbis	
0x00542635	FUN_00542635	vorbis	
0x00542B96	FUN_00542b96	vorbis	
0x00542C83	FUN_00542c83	vorbis	
0x00542EC1	FUN_00542ec1	vorbis	
0x0054306C	FUN_0054306c	vorbis	
0x00543123	FUN_00543123	vorbis	
0x0054319A	FUN_0054319a	vorbis	
0x00543203	FUN_00543203	vorbis	
0x00543220	FUN_00543220	vorbis	
0x00543242	FUN_00543242	vorbis	
0x0054325B	FUN_0054325b	vorbis	
0x00543278	FUN_00543278	vorbis	
0x00543393	FUN_00543393	vorbis	
0x005433A6	FUN_005433a6	vorbis	
0x005433B7	FUN_005433b7	vorbis	
0x0054382F	FUN_0054382f	vorbis	
0x00543CF0	VorbisBitPacker_InitOwnedBuffer	vorbis	
0x00543D40	VorbisBitPacker_ClearOwnedBuffer	vorbis	
0x00543D80	VorbisBitPacker_InitExternalBuffer	vorbis	
0x00543DC0	VorbisBitPacker_WriteBits	vorbis	
0x00543F20	VorbisBitReader_PeekBits	vorbis	
0x00544000	VorbisBitReader_AdvanceBits	vorbis	
0x00544020	VorbisBitReader_ReadBits	vorbis	
0x00544110	VorbisBitReader_ReadBit	vorbis	
0x00544160	VorbisBitStream_TellBits	vorbis	
0x00544180	VorbisStaticCodebook_Clear	vorbis	
0x00544270	VorbisCodec_GetMaxCodewordBits	vorbis	
0x00544280	Vorbis_ILog	vorbis	
0x005442A0	VorbisCodebook_GenerateCanonicalCodewords	vorbis	
0x00544500	VorbisCodebook_BuildDecodeTree	vorbis	
0x00544850	VorbisCodebook_ComputeMapType1QuantVals	vorbis	
0x005449C0	VorbisCodebook_UnquantizeLookupValues	vorbis	
0x00544C00	VorbisCodebook_Clear	vorbis	
0x00544D10	VorbisCodebook_Destroy	vorbis	
0x00544D40	VorbisDecodeTree_Clear	vorbis	
0x00544DF0	FUN_00544df0	vorbis	
0x00544F10	FUN_00544f10	vorbis	
0x00545030	FUN_00545030	vorbis	
0x00545960	FUN_00545960	vorbis	
0x00545B80	FUN_00545b80	vorbis	
0x00545F40	FUN_00545f40	vorbis	
0x00545F90	FUN_00545f90	vorbis	
0x005464D0	FUN_005464d0	vorbis	
0x005468E0	FUN_005468e0	vorbis	
0x00546980	FUN_00546980	vorbis	
0x00546AE0	FUN_00546ae0	vorbis	
0x00546C30	FUN_00546c30	vorbis	
0x00547500	FUN_00547500	vorbis	
0x005477B0	FUN_005477b0	vorbis	
0x005477F0	FUN_005477f0	vorbis	
0x00547830	FUN_00547830	vorbis	
0x00547A10	FUN_00547a10	vorbis	
0x00548180	FUN_00548180	vorbis	
0x0054AA20	FUN_0054aa20	vorbis	
0x0054AB20	FUN_0054ab20	vorbis	
0x0054ACC0	FUN_0054acc0	vorbis	
0x0054ADC0	FUN_0054adc0	vorbis	
0x0054AF30	FUN_0054af30	vorbis	
0x0054B0B0	FUN_0054b0b0	vorbis	
0x0054B640	FUN_0054b640	vorbis	
0x0054B6A0	FUN_0054b6a0	vorbis	
0x0054BE80	FUN_0054be80	vorbis	
0x0054C000	FUN_0054c000	vorbis	
0x0054C4A0	FUN_0054c4a0	vorbis	
0x0054C530	FUN_0054c530	vorbis	
0x0054C9E0	FUN_0054c9e0	vorbis	
0x0054CC10	FUN_0054cc10	crt	
0x0054CC60	FUN_0054cc60	crt	
0x0054CC80	FUN_0054cc80	crt	
0x0054D000	FUN_0054d000	crt	
0x0054D050	FUN_0054d050	crt	
0x0054D110	FUN_0054d110	crt	
0x0054D3A0	FUN_0054d3a0	crt	
0x0054D520	FUN_0054d520	crt	
0x0054D5B0	FUN_0054d5b0	crt	
0x0054D690	FUN_0054d690	crt	
0x0054DA90	FUN_0054da90	crt	
0x0054DAC0	FUN_0054dac0	crt	
0x0054DB00	FUN_0054db00	crt	
0x0054DB90	FUN_0054db90	crt	
0x0054DC40	FUN_0054dc40	crt	
0x0054DC50	FUN_0054dc50	crt	
0x0054DC60	FUN_0054dc60	crt	
0x0054DC70	FUN_0054dc70	crt	
0x0054DC80	FUN_0054dc80	crt	
0x0054DC90	FUN_0054dc90	crt	
0x0054DC9E	RtlUnwind	crt	
0x0054DCA4	FUN_0054dca4	crt	
0x0054DCC3	FUN_0054dcc3	crt	
0x0054DCE2	FUN_0054dce2	libpng	
0x0054DD01	FUN_0054dd01	libpng	
0x0054DD44	FUN_0054dd44	libpng	
0x0054DD61	FUN_0054dd61	libpng	
0x0054DD83	FUN_0054dd83	libpng	
0x0054DD9C	FUN_0054dd9c	libpng	
0x0054DDB9	FUN_0054ddb9	libpng	
0x0054DEBC	FUN_0054debc	libpng	
0x0054DFA0	FUN_0054dfa0	libpng	
0x0054E0BF	FUN_0054e0bf	libpng	
0x0054E1DB	FUN_0054e1db	libpng	
0x0054E277	FUN_0054e277	libpng	
0x0054E30C	FUN_0054e30c	libpng	
0x0054E48F	FUN_0054e48f	libpng	
0x0054E4F6	FUN_0054e4f6	libpng	
0x0054E55D	FUN_0054e55d	libpng	
0x0054E60A	FUN_0054e60a	libpng	
0x0054E6AA	FUN_0054e6aa	libpng	
0x0054E764	FUN_0054e764	libpng	
0x0054E8AB	FUN_0054e8ab	libpng	
0x0054E92C	FUN_0054e92c	libpng	
0x0054EA54	JpegDecode_FUN_0054ea54	qtml-iml	IML JPEG codec (not IJG; interleaved 0x54axxx-0x569xxx)
0x0054EAE6	JpegDecode_FUN_0054eae6	qtml-iml	IML JPEG codec (not IJG; interleaved 0x54axxx-0x569xxx)
0x0054EC68	JpegDecode_FUN_0054ec68	qtml-iml	IML JPEG codec (not IJG; interleaved 0x54axxx-0x569xxx)
0x0054EE3E	JpegDecode_FUN_0054ee3e	qtml-iml	IML JPEG codec (not IJG; interleaved 0x54axxx-0x569xxx)
0x0054EE51	JpegDecode_FUN_0054ee51	qtml-iml	IML JPEG codec (not IJG; interleaved 0x54axxx-0x569xxx)
0x0054EE6A	JpegDecode_FUN_0054ee6a	qtml-iml	IML JPEG codec (not IJG; interleaved 0x54axxx-0x569xxx)
0x0054EEB3	FUN_0054eeb3	libpng	
0x0054EECE	FUN_0054eece	libpng	
0x0054EEDD	FUN_0054eedd	libpng	
0x0054F083	FUN_0054f083	libpng	
0x0054F289	JpegDecode_FUN_0054f289	qtml-iml	IML JPEG codec (not IJG; interleaved 0x54axxx-0x569xxx)
0x0054F31C	JpegDecode_FUN_0054f31c	qtml-iml	IML JPEG codec (not IJG; interleaved 0x54axxx-0x569xxx)
0x0054F50C	JpegDecode_FUN_0054f50c	qtml-iml	IML JPEG codec (not IJG; interleaved 0x54axxx-0x569xxx)
0x0054F58B	FUN_0054f58b	libpng	
0x0054F596	FUN_0054f596	libpng	
0x0054F71B	FUN_0054f71b	libpng	
0x0054F738	FUN_0054f738	libpng	
0x0054F767	FUN_0054f767	libpng	
0x0054F785	FUN_0054f785	libpng	
0x0054F797	FUN_0054f797	libpng	
0x0054F7B9	FUN_0054f7b9	libpng	
0x0054F7D2	FUN_0054f7d2	libpng	
0x0054F7EF	PNG_FUN_0054f7ef	libpng	
0x0054FAB2	PNG_FUN_0054fab2	libpng	
0x0054FD8B	PNG_FUN_0054fd8b	libpng	
0x0054FF60	PNG_FUN_0054ff60	libpng	
0x005503D0	PNG_FUN_005503d0	libpng	
0x005506EB	FUN_005506eb	libpng	
0x0055075B	PngHandleUnknownCriticalChunk	libpng	
0x005508A9	PngHandleChunk_zTXt	libpng	
0x00550A17	PngHandleChunk_tEXt	libpng	
0x00550B2C	PngHandleChunk_tIME	libpng	
0x00550C16	PngHandleChunk_sCAL	libpng	
0x00550DA9	PngHandleChunk_pCAL	libpng	
0x0055102C	PngHandleChunk_oFFs	libpng	
0x00551131	PngHandleChunk_pHYs	libpng	
0x00551236	PngHandleChunk_hIST	libpng	
0x0055133F	PngHandleChunk_bKGD	libpng	
0x00551553	PngHandleChunk_tRNS	libpng	
0x0055176D	PngHandleChunk_sPLT	libpng	
0x00551993	PngHandleChunk_iCCP	libpng	
0x00551B6C	PngHandleChunk_sRGB	libpng	
0x00551D31	PngHandleChunk_cHRM	libpng	
0x0055233D	PNG_FUN_0055233d	libpng	
0x0055249C	PNG_FUN_0055249c	libpng	
0x005525F6	PNG_FUN_005525f6	libpng	
0x00552647	PngHandleChunk_PLTE	libpng	
0x005527D8	PngReadInfo	libpng	provisional
0x005529CE	FUN_005529ce	libpng	
0x00552CA8	PngCrcFinish	libpng	
0x00552DD8	PNG_FUN_00552dd8	libpng	
0x00552E01	PngGetUint31	libpng	
0x00552E46	Ordinal_51	msl-crt	
0x00552F20	FUN_00552f20	libpng	
0x00552F60	FUN_00552f60	libpng	
0x00552FA0	FUN_00552fa0	libpng	
0x00553230	FUN_00553230	libpng	
0x00553570	FUN_00553570	libpng	
0x00553C70	FUN_00553c70	libpng	
0x00553D70	FUN_00553d70	libpng	
0x00553E60	FUN_00553e60	libpng	
0x00554250	FUN_00554250	libpng	
0x00554500	FUN_00554500	libpng	
0x00555C40	FUN_00555c40	libpng	
0x00556000	FUN_00556000	libpng	
0x00556260	FUN_00556260	libpng	
0x005564A0	FUN_005564a0	libpng	
0x005564E0	FUN_005564e0	libpng	
0x00556560	FUN_00556560	libpng	
0x00556650	FUN_00556650	libpng	
0x005567B0	FUN_005567b0	libpng	
0x00556A20	FUN_00556a20	libpng	
0x00557400	FUN_00557400	libpng	
0x00557690	FUN_00557690	vorbis	
0x00557760	VorbisResidue0_PackHeader	vorbis	
0x00557910	VorbisResidue0_UnpackHeader	vorbis	
0x00557AF0	FUN_00557af0	vorbis	
0x005581E0	FUN_005581e0	vorbis	
0x00558310	FUN_00558310	vorbis	
0x005584B0	FUN_005584b0	vorbis	
0x00558600	FUN_00558600	vorbis	
0x00558B10	FUN_00558b10	vorbis	
0x00558DF0	FUN_00558df0	vorbis	
0x00559260	FUN_00559260	vorbis	
0x005597F0	FUN_005597f0	vorbis	
0x00559B70	FUN_00559b70	vorbis	
0x00559DE0	FUN_00559de0	vorbis	
0x00559E20	FUN_00559e20	vorbis	
0x00559F60	FUN_00559f60	vorbis	
0x0055A550	FUN_0055a550	vorbis	
0x0055BD00	FUN_0055bd00	vorbis	
0x0055BD10	FUN_0055bd10	vorbis	
0x0055BD70	FUN_0055bd70	vorbis	
0x0055C080	FUN_0055c080	vorbis	
0x0055C630	FUN_0055c630	vorbis	
0x0055CAA0	FUN_0055caa0	vorbis	
0x0055E5B0	FUN_0055e5b0	vorbis	
0x0055E900	FUN_0055e900	vorbis	
0x0055EE50	FUN_0055ee50	vorbis	
0x0055F160	FUN_0055f160	vorbis	
0x0055F5B0	FUN_0055f5b0	vorbis	
0x00561070	FUN_00561070	vorbis	
0x00561360	FUN_00561360	vorbis	
0x005613A0	FUN_005613a0	vorbis	
0x005613E0	FUN_005613e0	vorbis	
0x00561450	FUN_00561450	vorbis	
0x00561497	FUN_00561497	vorbis	
0x00561498	FUN_00561498	vorbis	
0x0056149B	FUN_0056149b	vorbis	
0x005614B1	FUN_005614b1	vorbis	
0x005614B6	FUN_005614b6	vorbis	
0x005614C1	FUN_005614c1	vorbis	
0x005614CC	FUN_005614cc	vorbis	
0x005614D7	FUN_005614d7	vorbis	
0x005614E2	JpegDecode_FUN_005614e2	qtml-iml	IML JPEG codec (not IJG; interleaved 0x54axxx-0x569xxx)
0x005615AA	FUN_005615aa	vorbis	
0x005615C1	FUN_005615c1	qtml-iml	IML JPEG codec (not IJG; interleaved 0x54axxx-0x569xxx)
0x005616CE	FUN_005616ce	qtml-iml	IML JPEG codec (not IJG; interleaved 0x54axxx-0x569xxx)
0x00561880	FUN_00561880	qtml-iml	IML JPEG codec (not IJG; interleaved 0x54axxx-0x569xxx)
0x00561988	FUN_00561988	qtml-iml	IML JPEG codec (not IJG; interleaved 0x54axxx-0x569xxx)
0x00561A7F	FUN_00561a7f	qtml-iml	IML JPEG codec (not IJG; interleaved 0x54axxx-0x569xxx)
0x00561B11	FUN_00561b11	qtml-iml	IML JPEG codec (not IJG; interleaved 0x54axxx-0x569xxx)
0x00561B93	FUN_00561b93	qtml-iml	IML JPEG codec (not IJG; interleaved 0x54axxx-0x569xxx)
0x00561C77	FUN_00561c77	qtml-iml	IML JPEG codec (not IJG; interleaved 0x54axxx-0x569xxx)
0x00561DAE	FUN_00561dae	qtml-iml	IML JPEG codec (not IJG; interleaved 0x54axxx-0x569xxx)
0x00561EFF	FUN_00561eff	qtml-iml	IML JPEG codec (not IJG; interleaved 0x54axxx-0x569xxx)
0x00561FC4	JpegDecode_FUN_00561fc4	qtml-iml	IML JPEG codec (not IJG; interleaved 0x54axxx-0x569xxx)
0x005620EF	FUN_005620ef	qtml-iml	IML JPEG codec (not IJG; interleaved 0x54axxx-0x569xxx)
0x00562201	FUN_00562201	qtml-iml	IML JPEG codec (not IJG; interleaved 0x54axxx-0x569xxx)
0x00562223	FUN_00562223	qtml-iml	IML JPEG codec (not IJG; interleaved 0x54axxx-0x569xxx)
0x005622BF	FUN_005622bf	qtml-iml	IML JPEG codec (not IJG; interleaved 0x54axxx-0x569xxx)
0x005625E7	FUN_005625e7	qtml-iml	IML JPEG codec (not IJG; interleaved 0x54axxx-0x569xxx)
0x005626A4	FUN_005626a4	qtml-iml	IML JPEG codec (not IJG; interleaved 0x54axxx-0x569xxx)
0x0056278E	FUN_0056278e	qtml-iml	IML JPEG codec (not IJG; interleaved 0x54axxx-0x569xxx)
0x00562906	FUN_00562906	qtml-iml	IML JPEG codec (not IJG; interleaved 0x54axxx-0x569xxx)
0x00562B43	FUN_00562b43	qtml-iml	IML JPEG codec (not IJG; interleaved 0x54axxx-0x569xxx)
0x00562BDB	FUN_00562bdb	qtml-iml	IML JPEG codec (not IJG; interleaved 0x54axxx-0x569xxx)
0x00562D13	FUN_00562d13	qtml-iml	IML JPEG codec (not IJG; interleaved 0x54axxx-0x569xxx)
0x00562EB4	FUN_00562eb4	qtml-iml	IML JPEG codec (not IJG; interleaved 0x54axxx-0x569xxx)
0x00563172	FUN_00563172	qtml-iml	IML JPEG codec (not IJG; interleaved 0x54axxx-0x569xxx)
0x005631E1	JpegDecode_FUN_005631e1	qtml-iml	IML JPEG codec (not IJG; interleaved 0x54axxx-0x569xxx)
0x00563306	FUN_00563306	qtml-iml	IML JPEG codec (not IJG; interleaved 0x54axxx-0x569xxx)
0x00563540	FUN_00563540	qtml-iml	IML JPEG codec (not IJG; interleaved 0x54axxx-0x569xxx)
0x005636C7	FUN_005636c7	qtml-iml	IML JPEG codec (not IJG; interleaved 0x54axxx-0x569xxx)
0x005636FD	FUN_005636fd	qtml-iml	IML JPEG codec (not IJG; interleaved 0x54axxx-0x569xxx)
0x005637AF	FUN_005637af	qtml-iml	IML JPEG codec (not IJG; interleaved 0x54axxx-0x569xxx)
0x005637C7	JpegDecode_FUN_005637c7	qtml-iml	IML JPEG codec (not IJG; interleaved 0x54axxx-0x569xxx)
0x00563AB7	FUN_00563ab7	qtml-iml	IML JPEG codec (not IJG; interleaved 0x54axxx-0x569xxx)
0x00563BFB	FUN_00563bfb	qtml-iml	IML JPEG codec (not IJG; interleaved 0x54axxx-0x569xxx)
0x00563C7C	FUN_00563c7c	qtml-iml	IML JPEG codec (not IJG; interleaved 0x54axxx-0x569xxx)
0x00563CE0	FUN_00563ce0	qtml-iml	IML JPEG codec (not IJG; interleaved 0x54axxx-0x569xxx)
0x00563DD9	JpegDecode_FUN_00563dd9	qtml-iml	IML JPEG codec (not IJG; interleaved 0x54axxx-0x569xxx)
0x00563FC4	FUN_00563fc4	qtml-iml	IML JPEG codec (not IJG; interleaved 0x54axxx-0x569xxx)
0x00564119	FUN_00564119	qtml-iml	IML JPEG codec (not IJG; interleaved 0x54axxx-0x569xxx)
0x005641AF	FUN_005641af	qtml-iml	IML JPEG codec (not IJG; interleaved 0x54axxx-0x569xxx)
0x0056421C	FUN_0056421c	qtml-iml	IML JPEG codec (not IJG; interleaved 0x54axxx-0x569xxx)
0x0056425C	FUN_0056425c	qtml-iml	IML JPEG codec (not IJG; interleaved 0x54axxx-0x569xxx)
0x00564325	FUN_00564325	qtml-iml	IML JPEG codec (not IJG; interleaved 0x54axxx-0x569xxx)
0x005643FC	FUN_005643fc	qtml-iml	IML JPEG codec (not IJG; interleaved 0x54axxx-0x569xxx)
0x00564418	JpegDecode_FUN_00564418	qtml-iml	IML JPEG codec (not IJG; interleaved 0x54axxx-0x569xxx)
0x005644A1	FUN_005644a1	qtml-iml	IML JPEG codec (not IJG; interleaved 0x54axxx-0x569xxx)
0x0056452A	FUN_0056452a	qtml-iml	IML JPEG codec (not IJG; interleaved 0x54axxx-0x569xxx)
0x005645B7	FUN_005645b7	qtml-iml	IML JPEG codec (not IJG; interleaved 0x54axxx-0x569xxx)
0x005646E3	JpegDecode_FUN_005646e3	qtml-iml	IML JPEG codec (not IJG; interleaved 0x54axxx-0x569xxx)
0x0056475F	FUN_0056475f	qtml-iml	IML JPEG codec (not IJG; interleaved 0x54axxx-0x569xxx)
0x00564956	JpegDecode_FUN_00564956	qtml-iml	IML JPEG codec (not IJG; interleaved 0x54axxx-0x569xxx)
0x005649C3	FUN_005649c3	qtml-iml	IML JPEG codec (not IJG; interleaved 0x54axxx-0x569xxx)
0x00564E23	FUN_00564e23	qtml-iml	IML JPEG codec (not IJG; interleaved 0x54axxx-0x569xxx)
0x00564F52	FUN_00564f52	qtml-iml	IML JPEG codec (not IJG; interleaved 0x54axxx-0x569xxx)
0x0056521E	FUN_0056521e	qtml-iml	IML JPEG codec (not IJG; interleaved 0x54axxx-0x569xxx)
0x0056549D	FUN_0056549d	qtml-iml	IML JPEG codec (not IJG; interleaved 0x54axxx-0x569xxx)
0x005656E9	JpegDecode_FUN_005656e9	qtml-iml	IML JPEG codec (not IJG; interleaved 0x54axxx-0x569xxx)
0x0056572D	FUN_0056572d	qtml-iml	IML JPEG codec (not IJG; interleaved 0x54axxx-0x569xxx)
0x00565C28	FUN_00565c28	qtml-iml	IML JPEG codec (not IJG; interleaved 0x54axxx-0x569xxx)
0x00565CF5	FUN_00565cf5	qtml-iml	IML JPEG codec (not IJG; interleaved 0x54axxx-0x569xxx)
0x00565E22	JpegDecode_FUN_00565e22	qtml-iml	IML JPEG codec (not IJG; interleaved 0x54axxx-0x569xxx)
0x00566083	FUN_00566083	qtml-iml	IML JPEG codec (not IJG; interleaved 0x54axxx-0x569xxx)
0x005661A0	JpegDecode_FUN_005661a0	qtml-iml	IML JPEG codec (not IJG; interleaved 0x54axxx-0x569xxx)
0x0056628F	FUN_0056628f	qtml-iml	IML JPEG codec (not IJG; interleaved 0x54axxx-0x569xxx)
0x00566898	FUN_00566898	qtml-iml	IML JPEG codec (not IJG; interleaved 0x54axxx-0x569xxx)
0x00566977	FUN_00566977	qtml-iml	IML JPEG codec (not IJG; interleaved 0x54axxx-0x569xxx)
0x00566AD5	FUN_00566ad5	qtml-iml	IML JPEG codec (not IJG; interleaved 0x54axxx-0x569xxx)
0x00566C71	FUN_00566c71	qtml-iml	IML JPEG codec (not IJG; interleaved 0x54axxx-0x569xxx)
0x00566EE7	FUN_00566ee7	qtml-iml	IML JPEG codec (not IJG; interleaved 0x54axxx-0x569xxx)
0x00566F3B	JpegDecode_FUN_00566f3b	qtml-iml	IML JPEG codec (not IJG; interleaved 0x54axxx-0x569xxx)
0x005670B6	FUN_005670b6	qtml-iml	IML JPEG codec (not IJG; interleaved 0x54axxx-0x569xxx)
0x005670DC	FUN_005670dc	qtml-iml	IML JPEG codec (not IJG; interleaved 0x54axxx-0x569xxx)
0x00567263	FUN_00567263	qtml-iml	IML JPEG codec (not IJG; interleaved 0x54axxx-0x569xxx)
0x005672D6	FUN_005672d6	qtml-iml	IML JPEG codec (not IJG; interleaved 0x54axxx-0x569xxx)
0x0056737D	FUN_0056737d	qtml-iml	IML JPEG codec (not IJG; interleaved 0x54axxx-0x569xxx)
0x00567450	FUN_00567450	qtml-iml	IML JPEG codec (not IJG; interleaved 0x54axxx-0x569xxx)
0x00567560	FUN_00567560	qtml-iml	IML JPEG codec (not IJG; interleaved 0x54axxx-0x569xxx)
0x005678A0	FUN_005678a0	qtml-iml	IML JPEG codec (not IJG; interleaved 0x54axxx-0x569xxx)
0x00567D90	FUN_00567d90	qtml-iml	IML JPEG codec (not IJG; interleaved 0x54axxx-0x569xxx)
0x00568110	FUN_00568110	qtml-iml	IML JPEG codec (not IJG; interleaved 0x54axxx-0x569xxx)
0x00568BF0	FUN_00568bf0	qtml-iml	IML JPEG codec (not IJG; interleaved 0x54axxx-0x569xxx)
0x00568C40	FUN_00568c40	qtml-iml	IML JPEG codec (not IJG; interleaved 0x54axxx-0x569xxx)
0x00568E23	FUN_00568e23	qtml-iml	IML JPEG codec (not IJG; interleaved 0x54axxx-0x569xxx)
0x0056918A	FUN_0056918a	qtml-iml	IML JPEG codec (not IJG; interleaved 0x54axxx-0x569xxx)
0x005697F8	FUN_005697f8	qtml-iml	IML JPEG codec (not IJG; interleaved 0x54axxx-0x569xxx)
0x008757E0	thunk_NovaUi_DrawPlayerShieldBar	crt	
0x008757F0	thunk_NovaUi_DrawPlayerArmorBar	crt	
0x00875800	thunk_NovaUi_DrawPlayerFuelLevelBar	crt	
0x00875810	FUN_00875810	crt	
0x0087581C	FUN_0087581c	crt	
0x008758A0	FUN_008758a0	crt	
0x008758CE	FUN_008758ce	crt	
0x00875990	FUN_00875990	crt	
0x008759F8	EnsureWineDllOverride	crt	
0x00875C4F	EnsureWineDdrawOverride	crt	
0x00875C64	GdiplusStartup	crt	
0x00875C6C	GdipSetPixelOffsetMode	crt	
0x00875C74	GdipSetInterpolationMode	crt	
0x00875C7C	GdipGetImageGraphicsContext	crt	
0x00875C84	GdipFree	crt	
0x00875C8C	GdipDrawImageRectRectI	crt	
0x00875C94	GdipDisposeImage	crt	
0x00875C9C	GdipDeleteGraphics	crt	
0x00875CA4	GdipCreateBitmapFromScan0	crt	
0x00875CC0	FUN_00875cc0	crt	
0x00875DD0	FUN_00875dd0	crt	
0x00875E30	FUN_00875e30	crt	
0x00875F10	FUN_00875f10	crt	
0x00875F80	FUN_00875f80	crt	
0x00875FF0	FUN_00875ff0	crt	
0x00876060	FUN_00876060	crt	
0x00876160	FUN_00876160	crt	
0x00876190	FUN_00876190	crt	
0x00876280	FUN_00876280	crt	
0x008762E0	FUN_008762e0	crt	
0x00876350	FUN_00876350	crt	
0x008763B0	FUN_008763b0	crt	
0x00876490	FUN_00876490	crt	
0x00876570	FUN_00876570	crt	
0x00876600	FUN_00876600	crt	
0x008766D0	FUN_008766d0	crt	
0x008767E0	FUN_008767e0	crt	
0x00876A30	FUN_00876a30	crt	
0x00876AC0	FUN_00876ac0	crt	
0x008774B0	FUN_008774b0	crt	
0x00877560	FUN_00877560	crt	
0x008775D0	FUN_008775d0	crt	
0x00877660	FUN_00877660	crt	
0x00877740	FUN_00877740	crt	
0x008777A0	FUN_008777a0	crt	
0x00877970	FUN_00877970	crt	
0x00877FC0	FUN_00877fc0	crt	
0x00878770	FUN_00878770	crt	
0x00878820	FUN_00878820	crt	
0x00878A10	FUN_00878a10	crt	
0x00878B20	FUN_00878b20	crt	
0x00878C80	FUN_00878c80	crt	
0x008790D0	FUN_008790d0	crt	
0x008792D0	FUN_008792d0	crt	
0x00879950	FUN_00879950	crt	
0x00879B20	FUN_00879b20	crt	
0x00879BB0	FUN_00879bb0	crt	
0x0087E390	FUN_0087e390	crt	
0x0087E420	FUN_0087e420	crt	
0x0087F040	FUN_0087f040	crt	
0x0087F420	FUN_0087f420	crt	
0x0087F850	FUN_0087f850	crt	
0x0087FB90	FUN_0087fb90	crt	
0x0087FC90	FUN_0087fc90	crt	
0x00880310	FUN_00880310	crt	
0x008804F0	FUN_008804f0	crt	
0x00880920	FUN_00880920	crt	
0x00880C50	FUN_00880c50	crt	
0x00880E40	FUN_00880e40	crt	
0x00880EB0	FUN_00880eb0	crt	
0x00880EE0	tls_callback_1	msl-crt	
0x00880F30	tls_callback_0	msl-crt	
0x00881060	FUN_00881060	crt	
0x00881070	FUN_00881070	crt	
0x008810D0	FUN_008810d0	crt	
0x00881230	FUN_00881230	crt	
0x00881780	FUN_00881780	crt	
0x00881910	FUN_00881910	crt	
0x00881B30	FUN_00881b30	crt	
0x00881BB0	FUN_00881bb0	crt	
0x00881C70	FUN_00881c70	crt	
0x00881E00	FUN_00881e00	crt	
0x00881E60	FUN_00881e60	crt	
0x00881F20	FUN_00881f20	crt	
0x008820B0	FUN_008820b0	crt	
0x00882120	FUN_00882120	crt	
0x00882190	FUN_00882190	crt	
0x00882220	FUN_00882220	crt	
0x008822C0	FUN_008822c0	crt	
0x008822F0	FUN_008822f0	crt	
0x00882310	FUN_00882310	crt	
0x00882330	FUN_00882330	crt	
0x00882340	FUN_00882340	crt	
0x00882360	FUN_00882360	crt	
0x00882370	FUN_00882370	crt	
0x00882380	FUN_00882380	crt	
0x00882560	FUN_00882560	crt	
0x008825B0	FUN_008825b0	crt	
0x00882600	FUN_00882600	crt	
0x00882770	FUN_00882770	crt	
0x00882AF0	FUN_00882af0	crt	
0x00882B60	FUN_00882b60	crt	
0x00882B70	FUN_00882b70	crt	
0x00882B88	__p__acmdln	crt	
0x00882BB0	_amsg_exit	crt	
0x00882BB8	_cexit	crt	
0x00882BC0	_errno	crt	
0x00882BC8	initterm	crt	
0x00882BD0	_ismbblead	crt	
0x00882BD8	_onexit	crt	
0x00882BE0	_snwprintf	crt	
0x00882BE8	_vsnprintf	crt	
0x00882BF0	abort	crt	
0x00882BF8	atof	crt	
0x00882C00	calloc	crt	
0x00882C08	exit	crt	
0x00882C10	fprintf	crt	
0x00882C20	fputs	crt	
0x00882C28	free	crt	
0x00882C30	fwrite	crt	
0x00882C38	getenv	crt	
0x00882C40	malloc	crt	
0x00882C48	memcmp	crt	
0x00882C50	memcpy	crt	
0x00882C58	memset	crt	
0x00882C60	realloc	crt	
0x00882C68	signal	crt	
0x00882C70	sprintf	crt	
0x00882C78	strchr	crt	
0x00882C80	strcmp	crt	
0x00882C88	strlen	crt	
0x00882C90	strncmp	crt	
0x00882C98	strtol	crt	
0x00882CA0	strtoul	crt	
0x00882CA8	vfprintf	crt	
0x00882CB0	FUN_00882cb0	crt	
0x00882D20	FUN_00882d20	crt	
0x00883050	FUN_00883050	crt	
0x008831A0	FUN_008831a0	crt	
0x008831F0	FUN_008831f0	crt	
0x008833C0	FUN_008833c0	crt	
0x00883430	FUN_00883430	crt	
0x008834E0	FUN_008834e0	crt	
0x00883640	FUN_00883640	crt	
0x008836F0	FUN_008836f0	crt	
0x008837E0	FUN_008837e0	crt	
0x008838A0	FUN_008838a0	crt	
0x00883A40	FUN_00883a40	crt	
0x00883A60	FUN_00883a60	crt	
0x00883B10	FUN_00883b10	crt	
0x00883C30	FUN_00883c30	crt	
0x00883C60	FUN_00883c60	crt	
0x00883F40	tls_callback_2	msl-crt	
0x008843E0	FUN_008843e0	crt	
0x00884590	FUN_00884590	crt	
0x008847E0	FUN_008847e0	crt	
0x00884870	FUN_00884870	crt	
0x00884A30	FUN_00884a30	crt	
0x00884AC0	FUN_00884ac0	crt	
0x00884B20	FUN_00884b20	crt	
0x00884C00	FUN_00884c00	crt	
0x00884C60	FUN_00884c60	crt	
0x00884CB0	FUN_00884cb0	crt	
0x00884DB0	FUN_00884db0	crt	
0x00886040	FUN_00886040	crt	
0x00886170	FUN_00886170	crt	
0x008862B0	FUN_008862b0	crt	
0x00886350	FUN_00886350	crt	
0x00886490	FUN_00886490	crt	
0x008864F0	FUN_008864f0	crt	
0x00886580	FUN_00886580	crt	
0x00886680	FUN_00886680	crt	
0x008867C0	FUN_008867c0	crt	
0x00886820	FUN_00886820	crt	
0x008869E0	FUN_008869e0	crt	
0x00886D00	FUN_00886d00	crt	
0x00886DC0	FUN_00886dc0	crt	
0x00887110	FUN_00887110	crt	
0x00887120	FUN_00887120	crt	
0x00887160	FUN_00887160	crt	
0x00887170	FUN_00887170	crt	
0x00887500	FUN_00887500	crt	
0x00887670	FUN_00887670	crt	
0x00887930	FUN_00887930	crt	
0x00887B80	FUN_00887b80	crt	
0x00887DF0	FUN_00887df0	crt	
0x00887FD0	FUN_00887fd0	crt	
0x00888740	FUN_00888740	crt	
0x00888760	FUN_00888760	crt	
0x008888E0	FUN_008888e0	crt	
0x00888A00	FUN_00888a00	crt	
0x00888A40	memmove	crt	
0x00888A70	FUN_00888a70	crt	
0x00888AE0	FUN_00888ae0	crt	
0x00888BE0	FUN_00888be0	crt	
0x00888CE0	FUN_00888ce0	crt	
0x00888DA0	FUN_00888da0	crt	
0x00888F20	FUN_00888f20	crt	
0x00888F80	FUN_00888f80	crt	
0x00888FF0	FUN_00888ff0	crt	
0x00889080	FUN_00889080	crt	
0x00889200	FUN_00889200	crt	
0x00889790	FUN_00889790	crt	
0x008897C0	FUN_008897c0	crt	
0x00889830	FUN_00889830	crt	
0x00889870	FUN_00889870	crt	
0x00889CA0	FUN_00889ca0	crt	
0x00889D60	FUN_00889d60	crt	
0x00889D70	FUN_00889d70	crt	
0x00889DA0	FUN_00889da0	crt	
0x00889E00	free	crt	
0x00889E10	free	crt	
0x00889E80	FUN_00889e80	crt	
0x00889EE0	FUN_00889ee0	crt	
0x0088A110	FUN_0088a110	crt	
0x0088A140	FUN_0088a140	crt	
0x0088A260	FUN_0088a260	crt	
0x0088A280	FUN_0088a280	crt	
0x0088A2A0	FUN_0088a2a0	crt	
0x0088A2F0	FUN_0088a2f0	crt	
0x0088A350	FUN_0088a350	crt	
0x0088ABF0	FUN_0088abf0	crt	
0x0088AC00	FUN_0088ac00	crt	
0x0088AC30	FUN_0088ac30	crt	
0x0088AE30	FUN_0088ae30	crt	
0x0088AE80	WinMainCRTStartup_ParseCmdLine	crt	
0x004D9180	FileEnumerator_Open	redundant	Win32 FindFirstFileA folder scan; replaced by std::filesystem enumeration (EnumerateRezArchives, src/brgr_archive.cpp).
0x004D9280	FileEnumerator_Advance	redundant	Win32 FindNextFileA step; replaced by std::filesystem directory iteration (EnumerateRezArchives, src/brgr_archive.cpp).
0x004D94B0	FileEnumerator_Close	redundant	Win32 FindClose for the folder scan; std::filesystem iteration is RAII and owns no handle.
0x004D9680	Path_MacToWindows	redundant	Mac "N:..." -> Win32 path translation; the port resolves the install root once with std::filesystem and never builds Mac-style path strings.
0x004D9990	Platform_InitPathGlobals	redundant	Registers APPDATA/system/module/install prefixes in the Mac path table; the port uses SDL_GetPrefPath and direct std::filesystem roots (src/brgr_archive.cpp, src/game/pilot_file.cpp).
0x004F1D30	Path_CreateDirectory	redundant	Mac->Windows path then recursive CreateDirectoryA; PilotFileSaveDirectory uses std::filesystem::create_directories (src/game/pilot_file.cpp).
0x004F1D70	FileEnumerator_NextMatchingExt	redundant	Case-insensitive .rez filter over the Win32 folder scan; reproduced by EnumerateRezArchives extension match and case-insensitive sort (src/brgr_archive.cpp).
0x004F1E70	Path_ExpandMacPrefix	redundant	Expands "N:..." prefixes from DAT_0087071c; the port has no Mac prefix table.
0x004F20B0	Path_SetPrefix	redundant	Registers Mac path prefixes; the port has no runtime path-prefix layer.
0x004D9150	FileSystem_IsFile	redundant	Win32 GetFileAttributesA file-exists probe (non-directory); port uses std::filesystem::is_regular_file (PilotFileProbeExists).
0x004D94F0	FileSystem_DeleteFileOrDirectory	redundant	Win32 DeleteFileA then RemoveDirectoryA; port uses std::filesystem::remove (PilotFile_Delete).
0x004D9530	FileSystem_CreateDirectoryRecursive	redundant	Recursive CreateDirectoryA per path component; port uses std::filesystem::create_directories (PilotFileSaveDirectory).
0x004D9820	Path_GetDriveVolumeName	redundant	GetVolumeInformationA drive-label formatting for the Mac volume path layer; the port has no Mac volume paths.
0x004F1CF0	Resource_OpenFromPath	redundant	Mac-path file probe (Path_MacToWindows + FileSystem_IsFile); replaced by std::filesystem probes (PilotFileProbeExists, NovaResource_LocateFile).
0x004F1DF0	Resource_WriteFromPath	redundant	Mac-path file write (Path_MacToWindows + FUN_004f1180); replaced by std::ofstream in the prefs/pilot/INI save paths.
0x004F1E30	Resource_DeleteFromPath	redundant	Mac-path delete (Path_MacToWindows + FileSystem_DeleteFileOrDirectory); replaced by std::filesystem::remove.
0x004F21B0	Path_TrimTrailingComponent	redundant	Strips the leaf component of a registered Mac path prefix; the port has no runtime path-prefix layer.
0x004CD0B0	DebugOptions_GetWord	redundant	Reads one word from a 32-short debug/QA option block (resource type 0x91627567 id 0x80, decoded FourCC "ebug", all-zero in the shipped Nova.rez; never written by the binary, likely a leftover Mac developer debug directive of unknown origin, provisionally renamed from FUN_004cd0b0). Its consumers gate loading/reset/pause and seed g_offer_random_bypass_flag; all take the default path, which the port expresses structurally (always load/reset, no AvailRandom bypass). Documented in the Ghidra plate comment. Deliberately skipped.
0x004903C0	NovaUi_HandleOutfitterMenuInput	redundant	Outfitter menu input (mouse grid/action + B/S/P/N/L, alt-buy/sell quantity prompt, desc +3000). Expressed structurally in RunStoreDialog's outfit branch. Original command-map/DIK keyboard mapping intentionally not reproduced.
0x00493FC0	NovaUi_ShipyardHandleSelectionInput	redundant	Shipyard grid/action selection (mouse + B/P/N/L shortcuts, CanBuy/CanHire gate, desc +13000/+14000). Expressed structurally in RunStoreDialog's shipyard branch. Original command-map/DIK keyboard navigation intentionally not reproduced.
0x0049F3F0	NovaUi_HitTestAndTrackShipyardActionButtons	redundant	Shipyard control hit-testing (Leave/Buy/Info/Previous/Next) with held-button press tracking. Expressed structurally in RunStoreDialog, which tests the same rects and honors the same purchase-allowed predicate. Original press/release tracking intentionally not reproduced.
0x0049F6F0	NovaUi_DrawShipyardActionButtons	redundant	Shipyard action-button strips (five DITL controls, STR# 0x96 captions via DrawThreeStateButtonLabel). Drawn structurally in RenderStoreScreen/DrawStoreContents. Original redraw-parameter-driven pressed/hover state intentionally not reproduced (folded into the frame loop).
0x0049F8F0	NovaUi_HitTestAndTrackOutfitterActionButtons	redundant	Outfitter control hit-testing (Leave/Buy/Sell/Previous/Next) with held-button press tracking. Expressed structurally: RunStoreDialog (docked_store_dialog.cpp) hit-tests the same DITL rects with the transaction/paging gates inline. The original's held-button press/release event tracking is a Mac event-model detail intentionally not reproduced.
0x0049FBB0	NovaUi_DrawOutfitterActionButtons	redundant	Outfitter action-button strips (five DITL controls, STR# 0x96 captions via DrawThreeStateButtonLabel). Drawn structurally in RenderStoreScreen/DrawStoreContents. Original redraw-parameter-driven pressed/hover state intentionally not reproduced (folded into the frame loop).
0x0049FE10	NovaUi_HitTestAndTrackTravelActionButtons	redundant	Spaceport service-slot hover/press. Expressed structurally via ServiceButtonAt/ServiceAvailable (landed_window.cpp). Original held-button release-selection loop intentionally not reproduced.
0x004A0220	NovaUi_RedrawTravelActionButtons	redundant	Spaceport service-button draw (DITL rects, normal/pressed/disabled strips via ServicesButtonArt). Expressed structurally in DrawLandedMenu. Exact original text-resource draw path intentionally not reproduced (SDL text rendering).
0x004A13C0	OutfitterMenu_FUN_004a13c0	redundant	Mission info-window button hit-test/press loop (Abort/Done). Expressed structurally inline in NovaMission_RunMissionInfoWindow as click + hover. Original hold-for-release press tracking intentionally not reproduced.
0x004A1520	OutfitterMenu_FUN_004a1520	redundant	Mission info-window button-strip draw (ServicesButtonArt strips + STR# 0x96 captions; art-index table DAT_007d82fe = {4, 0x22}). Expressed structurally inline in NovaMission_RunMissionInfoWindow.
0x004A1820	OutfitterMenu_FUN_004a1820	redundant	Mission offer-window button/scroll-arrow draw slice (entries 1/2 accept/decline three-state bodies, entries 9/10 scroll arrows via NovaUi_DrawScrollArrow). Expressed structurally inline in NovaMission_RunOfferWindow. DAT_00773ee9 empty-text button arm and the same painter's other outfitter-menu callers intentionally not reproduced.
